mode,cv_acc_mean,cv_acc_std
none,0.4999999999999999,0.06055300708194982
fixed,0.4999999999999999,0.06055300708194982
per_trial,0.25999999999999995,0.022607766610417555
