{
  "autocorr_lag1": 0.05016722400932038,
  "autocorr_lag1_p": 0.373134328358209,
  "autocorr_lags_1to10": [
    0.05016722400932038,
    -0.0469798657053725,
    0.021885521854571082,
    0.023648648615204403,
    0.03728813554048694,
    0.05782312916992641,
    -0.05972696237287118,
    0.017123287647016892,
    0.04810996556770105,
    0.04655172407209694
  ],
  "runs_test": {
    "runs": 104,
    "z": 1.2674656990202717,
    "p": 0.20498882096689952,
    "n1": 60,
    "n2": 240
  },
  "MI_time": 1.6094379124341005,
  "MI_time_p": 1.0,
  "time_only_classifier_cv_acc_mean": 0.1933333333333333,
  "time_only_classifier_cv_acc_std": 0.050110987927909696,
  "cusum_binary_stat": 4.799999999999999,
  "cusum_binary_p": 0.9950248756218906,
  "n_trials": 300,
  "n_classes": 5,
  "majority_class": 1
}