split,loss,accuracy,macro_f1,macro_recall
train,0.000629,1.000000,1.000000,1.000000
val,0.397500,0.900000,0.900902,0.900000
test,0.893348,0.740000,0.740732,0.740000
